{"cameraMode":{"drawMode":0,"name":"Shaded","section":"Shading Mode"},"sceneLighting":false,"audioPlay":false,"sceneViewState":{"m_AlwaysRefresh":false,"showFog":true,"showSkybox":false,"showFlares":true,"showImageEffects":true,"showParticleSystems":true,"showVisualEffectGraphs":true,"m_FxEnabled":true},"in2DMode":false,"pivot":{"x":0.15616774559020997,"y":0.09658848494291306,"z":0.0012421831488609315},"rotation":{"x":0.21322178840637208,"y":0.14158529043197633,"z":-0.03123951517045498,"w":0.9661948680877686},"size":0.11932172626256943,"orthographic":true}