{"cameraMode":{"drawMode":0,"name":"Shaded","section":"Shading Mode"},"sceneLighting":false,"audioPlay":false,"sceneViewState":{"m_AlwaysRefresh":false,"showFog":true,"showSkybox":false,"showFlares":true,"showImageEffects":true,"showParticleSystems":true,"showVisualEffectGraphs":true,"m_FxEnabled":true},"in2DMode":false,"pivot":{"x":0.08329068869352341,"y":-0.005585134029388428,"z":1.955777406692505e-8},"rotation":{"x":-0.0839686244726181,"y":-0.1394471377134323,"z":0.011832891963422299,"w":-0.986619234085083},"size":0.08836553990840912,"orthographic":true}