{"cameraMode":{"drawMode":0,"name":"Shaded","section":"Shading Mode"},"sceneLighting":false,"audioPlay":false,"sceneViewState":{"m_AlwaysRefresh":false,"showFog":true,"showSkybox":false,"showFlares":true,"showImageEffects":true,"showParticleSystems":true,"showVisualEffectGraphs":true,"m_FxEnabled":true},"in2DMode":false,"pivot":{"x":-3.628770112991333,"y":1.565712332725525,"z":0.16195179522037507},"rotation":{"x":0.0013896668097004295,"y":-0.9772188663482666,"z":0.21227307617664338,"w":0.006462310440838337},"size":0.40564584732055666,"orthographic":true}