{"cameraMode":{"drawMode":0,"name":"Shaded","section":"Shading Mode"},"sceneLighting":false,"audioPlay":false,"sceneViewState":{"m_AlwaysRefresh":false,"showFog":true,"showSkybox":false,"showFlares":true,"showImageEffects":true,"showParticleSystems":true,"showVisualEffectGraphs":true,"m_FxEnabled":true},"in2DMode":false,"pivot":{"x":-0.016382217407226564,"y":4.918242454528809,"z":-0.05890931934118271},"rotation":{"x":-0.039024464786052707,"y":-0.16766738891601563,"z":0.0067230649292469028,"w":-0.9850479960441589},"size":54.5555305480957,"orthographic":false}