{"cameraMode":{"drawMode":0,"name":"Shaded","section":"Shading Mode"},"sceneLighting":false,"audioPlay":false,"sceneViewState":{"m_AlwaysRefresh":false,"showFog":true,"showSkybox":false,"showFlares":true,"showImageEffects":true,"showParticleSystems":true,"showVisualEffectGraphs":true,"m_FxEnabled":true},"in2DMode":false,"pivot":{"x":-0.11148524284362793,"y":1.061521291732788,"z":0.07725238800048828},"rotation":{"x":-0.010607235133647919,"y":-0.9881982803344727,"z":0.12969696521759034,"w":-0.08081819862127304},"size":1.5818654298782349,"orthographic":false}