{"cameraMode":{"drawMode":0,"name":"Shaded","section":"Shading Mode"},"sceneLighting":false,"audioPlay":false,"sceneViewState":{"m_AlwaysRefresh":false,"showFog":true,"showSkybox":false,"showFlares":true,"showImageEffects":true,"showParticleSystems":true,"showVisualEffectGraphs":true,"m_FxEnabled":true},"in2DMode":false,"pivot":{"x":0.05966600775718689,"y":0.017855186015367509,"z":-0.00004081055521965027},"rotation":{"x":0.05213385820388794,"y":-0.8694437146186829,"z":0.0940021201968193,"w":0.48222434520721438},"size":0.10610953718423844,"orthographic":true}