{"cameraMode":{"drawMode":0,"name":"Shaded","section":"Shading Mode"},"sceneLighting":false,"audioPlay":false,"sceneViewState":{"m_AlwaysRefresh":false,"showFog":true,"showSkybox":false,"showFlares":true,"showImageEffects":true,"showParticleSystems":true,"showVisualEffectGraphs":true,"m_FxEnabled":true},"in2DMode":false,"pivot":{"x":0.5906804800033569,"y":1.6918256282806397,"z":0.4071601629257202},"rotation":{"x":0.07258197665214539,"y":0.6706646084785461,"z":-0.06620267778635025,"w":0.7352365851402283},"size":1.0475270748138428,"orthographic":true}