{"cameraMode":{"drawMode":0,"name":"Shaded","section":"Shading Mode"},"sceneLighting":false,"audioPlay":false,"sceneViewState":{"m_AlwaysRefresh":false,"showFog":true,"showSkybox":false,"showFlares":true,"showImageEffects":true,"showParticleSystems":true,"showVisualEffectGraphs":true,"m_FxEnabled":true},"in2DMode":false,"pivot":{"x":1.5142723321914673,"y":1.7454873323440552,"z":0.709094762802124},"rotation":{"x":-0.33179476857185366,"y":0.39145389199256899,"z":-0.1538177877664566,"w":-0.8444144129753113},"size":1.0298405885696412,"orthographic":true}