{"cameraMode":{"drawMode":0,"name":"Shaded","section":"Shading Mode"},"sceneLighting":false,"audioPlay":false,"sceneViewState":{"m_AlwaysRefresh":false,"showFog":true,"showSkybox":false,"showFlares":true,"showImageEffects":true,"showParticleSystems":true,"showVisualEffectGraphs":true,"m_FxEnabled":true},"in2DMode":false,"pivot":{"x":-0.5471345782279968,"y":0.8342496156692505,"z":0.12076050043106079},"rotation":{"x":0.00030140983290039003,"y":-0.9969457387924194,"z":0.08032751828432083,"w":0.008148153312504292},"size":1.5706181526184083,"orthographic":true}