{"cameraMode":{"drawMode":0,"name":"Shaded","section":"Shading Mode"},"sceneLighting":false,"audioPlay":false,"sceneViewState":{"m_AlwaysRefresh":false,"showFog":true,"showSkybox":false,"showFlares":true,"showImageEffects":true,"showParticleSystems":true,"showVisualEffectGraphs":true,"m_FxEnabled":true},"in2DMode":false,"pivot":{"x":0.029749780893325807,"y":0.022021155804395677,"z":-0.049717433750629428},"rotation":{"x":0.0025037862360477449,"y":0.9887290596961975,"z":-0.14882215857505799,"w":0.016607007011771203},"size":0.8919904828071594,"orthographic":true}