{"cameraMode":{"drawMode":0,"name":"Shaded","section":"Shading Mode"},"sceneLighting":false,"audioPlay":false,"sceneViewState":{"m_AlwaysRefresh":false,"showFog":true,"showSkybox":false,"showFlares":true,"showImageEffects":true,"showParticleSystems":true,"showVisualEffectGraphs":true,"m_FxEnabled":true},"in2DMode":false,"pivot":{"x":1.6009999513626099,"y":1.4229999780654908,"z":1.3099883794784547},"rotation":{"x":0.07258197665214539,"y":0.6706646084785461,"z":-0.06620267778635025,"w":0.7352365851402283},"size":0.47133490443229678,"orthographic":true}